Timestamp,Battery_Active_Power,Battery_Active_Power_Set_Response
10/1/2022 0:00,-0.1,0
10/1/2022 0:00,-0.1,0
10/1/2022 0:00,-0.1,0
10/1/2022 0:00,0,0
10/1/2022 0:00,-0.3,0
10/1/2022 0:00,0,0
10/1/2022 0:01,-0.4,0
10/1/2022 0:01,-0.2,0
10/1/2022 0:01,-0.1,0
10/1/2022 0:01,-0.1,0
10/1/2022 0:01,-0.3,0
10/1/2022 0:01,-0.3,0
10/1/2022 0:02,-0.4,0
10/1/2022 0:02,-0.2,0
10/1/2022 0:02,-0.2,0
10/1/2022 0:02,-0.1,0
10/1/2022 0:02,-0.1,0
10/1/2022 0:02,-0.4,0
10/1/2022 0:03,-0.3,0
10/1/2022 0:03,-0.2,0
10/1/2022 0:03,-0.1,0
10/1/2022 0:03,-0.2,0
10/1/2022 0:03,-0.2,0
10/1/2022 0:03,-0.1,0
10/1/2022 0:04,-0.3,0
10/1/2022 0:04,-0.2,0
10/1/2022 0:04,-0.4,0
10/1/2022 0:04,0,0
10/1/2022 0:04,-0.2,0
10/1/2022 0:04,-0.2,0
10/1/2022 0:05,-0.2,0
10/1/2022 0:05,0,0
10/1/2022 0:05,-0.2,0
10/1/2022 0:05,-0.3,0
10/1/2022 0:05,-0.1,0
10/1/2022 0:05,-0.1,0
10/1/2022 0:06,0,0
10/1/2022 0:06,-0.2,0
10/1/2022 0:06,-0.2,0
10/1/2022 0:06,-0.4,0
10/1/2022 0:06,-0.1,0
10/1/2022 0:06,0,0
10/1/2022 0:07,-0.2,0
10/1/2022 0:07,-0.2,0
10/1/2022 0:07,-0.3,0
10/1/2022 0:07,-0.3,0
10/1/2022 0:07,-0.4,0
10/1/2022 0:07,-0.4,0
10/1/2022 0:08,-0.2,0
10/1/2022 0:08,-0.1,0
10/1/2022 0:08,-0.1,0
10/1/2022 0:08,-0.1,0
10/1/2022 0:08,-0.1,0
10/1/2022 0:08,-0.3,0
10/1/2022 0:09,-0.3,0
10/1/2022 0:09,-0.4,0
10/1/2022 0:09,-0.2,0
10/1/2022 0:09,-0.3,0
10/1/2022 0:09,-0.4,0
10/1/2022 0:09,-0.4,0
10/1/2022 0:10,-0.4,0
10/1/2022 0:10,-0.4,0
10/1/2022 0:10,-0.1,0
10/1/2022 0:10,-0.1,0
10/1/2022 0:10,-0.2,0
10/1/2022 0:10,-0.2,0
10/1/2022 0:11,-0.2,0
10/1/2022 0:11,0,0
10/1/2022 0:11,-0.2,0
10/1/2022 0:11,-0.1,0
10/1/2022 0:11,-0.4,0
10/1/2022 0:11,-0.2,0
10/1/2022 0:12,-0.1,0
10/1/2022 0:12,-0.3,0
10/1/2022 0:12,-0.1,0
10/1/2022 0:12,-0.2,0
10/1/2022 0:12,-0.3,0
10/1/2022 0:12,-0.2,0
10/1/2022 0:13,-0.1,0
10/1/2022 0:13,-0.3,0
10/1/2022 0:13,-0.1,0
10/1/2022 0:13,-0.4,0
10/1/2022 0:13,0,0
10/1/2022 0:13,-0.1,0
10/1/2022 0:14,-0.2,0
10/1/2022 0:14,-0.2,0
10/1/2022 0:14,-0.3,0
10/1/2022 0:14,-0.1,0
10/1/2022 0:14,-0.1,0
10/1/2022 0:14,-0.1,0
10/1/2022 0:15,0,0
10/1/2022 0:15,-0.3,0
10/1/2022 0:15,-0.2,0
10/1/2022 0:15,-0.1,0
10/1/2022 0:15,0,0
10/1/2022 0:15,-0.3,0
10/1/2022 0:16,-0.2,0
10/1/2022 0:16,0,0
10/1/2022 0:16,-0.2,0
10/1/2022 0:16,-0.2,0
10/1/2022 0:16,-0.2,0
10/1/2022 0:16,0,0
10/1/2022 0:17,-0.3,0
10/1/2022 0:17,0,0
10/1/2022 0:17,0,0
10/1/2022 0:17,-0.2,0
10/1/2022 0:17,-0.1,0
10/1/2022 0:17,-0.2,0
10/1/2022 0:18,-0.2,0
10/1/2022 0:18,-0.1,0
10/1/2022 0:18,-0.3,0
10/1/2022 0:18,-0.2,0
10/1/2022 0:18,-0.2,0
10/1/2022 0:18,-0.4,0
10/1/2022 0:19,-0.1,0
10/1/2022 0:19,-0.2,0
10/1/2022 0:19,-0.2,0
10/1/2022 0:19,-0.2,0
10/1/2022 0:19,-0.3,0
10/1/2022 0:19,-0.2,0
10/1/2022 0:20,-0.1,0
10/1/2022 0:20,0,0
10/1/2022 0:20,-0.3,0
10/1/2022 0:20,-0.2,0
10/1/2022 0:20,-0.3,0
10/1/2022 0:20,-0.1,0
10/1/2022 0:21,-0.4,0
10/1/2022 0:21,-0.1,0
10/1/2022 0:21,-0.2,0
10/1/2022 0:21,0,0
10/1/2022 0:21,0,0
10/1/2022 0:21,-0.2,0
10/1/2022 0:22,-0.3,0
10/1/2022 0:22,-0.4,0
10/1/2022 0:22,0,0
10/1/2022 0:22,-0.2,0
10/1/2022 0:22,-0.1,0
10/1/2022 0:22,-0.1,0
10/1/2022 0:23,-0.1,0
10/1/2022 0:23,-0.2,0
10/1/2022 0:23,-0.1,0
10/1/2022 0:23,-0.1,0
10/1/2022 0:23,-0.3,0
10/1/2022 0:23,-0.3,0
10/1/2022 0:24,-0.3,0
10/1/2022 0:24,0,0
10/1/2022 0:24,-0.4,0
10/1/2022 0:24,-0.1,0
10/1/2022 0:24,-0.2,0
10/1/2022 0:24,-0.4,0
10/1/2022 0:25,-0.2,0
10/1/2022 0:25,-0.2,0
10/1/2022 0:25,-0.4,0
10/1/2022 0:25,-0.3,0
10/1/2022 0:25,-0.4,0
10/1/2022 0:25,-0.2,0
10/1/2022 0:26,-0.4,0
10/1/2022 0:26,-0.4,0
10/1/2022 0:26,-0.3,0
10/1/2022 0:26,-0.2,0
10/1/2022 0:26,-0.1,0
10/1/2022 0:26,-0.1,0
10/1/2022 0:27,-0.1,0
10/1/2022 0:27,-0.2,0
10/1/2022 0:27,-0.1,0
10/1/2022 0:27,-0.3,0
10/1/2022 0:27,-0.2,0
10/1/2022 0:27,-0.2,0
10/1/2022 0:28,-0.2,0
10/1/2022 0:28,-0.2,0
10/1/2022 0:28,-0.2,0
10/1/2022 0:28,-0.4,0
10/1/2022 0:28,-0.2,0
10/1/2022 0:28,-0.3,0
10/1/2022 0:29,-0.1,0
10/1/2022 0:29,0,0
10/1/2022 0:29,-0.3,0
10/1/2022 0:29,-0.2,0
10/1/2022 0:29,-0.1,0
10/1/2022 0:29,-0.1,0
10/1/2022 0:30,-0.2,0
10/1/2022 0:30,-0.1,0
10/1/2022 0:30,-0.2,0
10/1/2022 0:30,-0.1,0
10/1/2022 0:30,-0.1,0
10/1/2022 0:30,-0.3,0
10/1/2022 0:31,-0.2,0
10/1/2022 0:31,-0.3,0
10/1/2022 0:31,-0.1,0
10/1/2022 0:31,-0.3,0
10/1/2022 0:31,-0.1,0
10/1/2022 0:31,-0.4,0
10/1/2022 0:32,-0.2,0
10/1/2022 0:32,-0.1,0
10/1/2022 0:32,-0.3,0
10/1/2022 0:32,-0.2,0
10/1/2022 0:32,-0.4,0
10/1/2022 0:32,-0.2,0
10/1/2022 0:33,-0.3,0
10/1/2022 0:33,-0.1,0
10/1/2022 0:33,-0.2,0
10/1/2022 0:33,-0.3,0
10/1/2022 0:33,-0.2,0
10/1/2022 0:33,-0.1,0
10/1/2022 0:34,0,0
10/1/2022 0:34,-0.1,0
10/1/2022 0:34,-0.2,0
10/1/2022 0:34,-0.3,0
10/1/2022 0:34,0,0
10/1/2022 0:34,-0.4,0
10/1/2022 0:35,-0.1,0
10/1/2022 0:35,-0.2,0
10/1/2022 0:35,-0.3,0
10/1/2022 0:35,-0.2,0
10/1/2022 0:35,-0.1,0
10/1/2022 0:35,-0.2,0
10/1/2022 0:36,-0.4,0
10/1/2022 0:36,-0.2,0
10/1/2022 0:36,-0.3,0
10/1/2022 0:36,-0.2,0
10/1/2022 0:36,-0.1,0
10/1/2022 0:36,-0.3,0
10/1/2022 0:37,-0.2,0
10/1/2022 0:37,-0.3,0
10/1/2022 0:37,-0.1,0
10/1/2022 0:37,-0.3,0
10/1/2022 0:37,-0.2,0
10/1/2022 0:37,-0.2,0
10/1/2022 0:38,-0.4,0
10/1/2022 0:38,-0.3,0
10/1/2022 0:38,-0.1,0
10/1/2022 0:38,-0.2,0
10/1/2022 0:38,-0.1,0
10/1/2022 0:38,0,0
10/1/2022 0:39,-0.2,0
10/1/2022 0:39,-0.1,0
10/1/2022 0:39,-0.4,0
10/1/2022 0:39,-0.2,0
10/1/2022 0:39,-0.4,0
10/1/2022 0:39,-0.2,0
10/1/2022 0:40,-0.1,0
10/1/2022 0:40,-0.4,0
10/1/2022 0:40,0,0
10/1/2022 0:40,-0.3,0
10/1/2022 0:40,-0.1,0
10/1/2022 0:40,-0.3,0
10/1/2022 0:41,-0.3,0
10/1/2022 0:41,-0.4,0
10/1/2022 0:41,0,0
10/1/2022 0:41,-0.2,0
10/1/2022 0:41,-0.3,0
10/1/2022 0:41,-0.2,0
10/1/2022 0:42,-0.1,0
10/1/2022 0:42,-0.2,0
10/1/2022 0:42,-0.3,0
10/1/2022 0:42,-0.3,0
10/1/2022 0:42,-0.2,0
10/1/2022 0:42,-0.2,0
10/1/2022 0:43,-0.2,0
10/1/2022 0:43,-0.4,0
10/1/2022 0:43,-0.2,0
10/1/2022 0:43,-0.1,0
10/1/2022 0:43,-0.3,0
10/1/2022 0:43,-0.2,0
10/1/2022 0:44,-0.1,0
10/1/2022 0:44,-0.3,0
10/1/2022 0:44,-0.3,0
10/1/2022 0:44,-0.3,0
10/1/2022 0:44,-0.3,0
10/1/2022 0:44,-0.3,0
10/1/2022 0:45,-0.3,0
10/1/2022 0:45,-0.2,0
10/1/2022 0:45,-0.1,0
10/1/2022 0:45,-0.2,0
10/1/2022 0:45,-0.3,0
10/1/2022 0:45,-0.1,0
10/1/2022 0:46,-0.1,0
10/1/2022 0:46,-0.2,0
10/1/2022 0:46,-0.2,0
10/1/2022 0:46,-0.2,0
10/1/2022 0:46,-0.3,0
10/1/2022 0:46,-0.2,0
10/1/2022 0:47,-0.1,0
10/1/2022 0:47,-0.2,0
10/1/2022 0:47,-0.2,0
10/1/2022 0:47,-0.1,0
10/1/2022 0:47,0,0
10/1/2022 0:47,-0.2,0
10/1/2022 0:48,0,0
10/1/2022 0:48,-0.1,0
10/1/2022 0:48,-0.1,0
10/1/2022 0:48,-0.2,0
10/1/2022 0:48,-0.3,0
10/1/2022 0:48,-0.3,0
10/1/2022 0:49,-0.2,0
10/1/2022 0:49,-0.1,0
10/1/2022 0:49,-0.1,0
10/1/2022 0:49,-0.2,0
10/1/2022 0:49,-0.4,0
10/1/2022 0:49,-0.2,0
10/1/2022 0:50,-0.2,0
10/1/2022 0:50,-0.1,0
10/1/2022 0:50,-0.1,0
10/1/2022 0:50,-0.1,0
10/1/2022 0:50,-0.3,0
10/1/2022 0:50,-0.2,0
10/1/2022 0:51,-0.1,0
10/1/2022 0:51,-0.1,0
10/1/2022 0:51,0,0
10/1/2022 0:51,-0.2,0
10/1/2022 0:51,-0.1,0
10/1/2022 0:51,0,0
10/1/2022 0:52,-0.4,0
10/1/2022 0:52,-0.2,0
10/1/2022 0:52,-0.2,0
10/1/2022 0:52,-0.1,0
10/1/2022 0:52,-0.2,0
10/1/2022 0:52,-0.1,0
10/1/2022 0:53,-0.3,0
10/1/2022 0:53,-0.1,0
10/1/2022 0:53,-0.4,0
10/1/2022 0:53,-0.2,0
10/1/2022 0:53,-0.3,0
10/1/2022 0:53,-0.1,0
10/1/2022 0:54,-0.2,0
10/1/2022 0:54,-0.1,0
10/1/2022 0:54,-0.1,0
10/1/2022 0:54,-0.1,0
10/1/2022 0:54,-0.2,0
10/1/2022 0:54,-0.1,0
10/1/2022 0:55,-0.1,0
10/1/2022 0:55,-0.1,0
10/1/2022 0:55,-0.1,0
10/1/2022 0:55,-0.4,0
10/1/2022 0:55,-0.1,0
10/1/2022 0:55,-0.1,0
10/1/2022 0:56,-0.4,0
10/1/2022 0:56,-0.3,0
10/1/2022 0:56,-0.2,0
10/1/2022 0:56,-0.3,0
10/1/2022 0:56,0,0
10/1/2022 0:56,-0.3,0
10/1/2022 0:57,-0.3,0
10/1/2022 0:57,-0.2,0
10/1/2022 0:57,-0.3,0
10/1/2022 0:57,-0.1,0
10/1/2022 0:57,-0.1,0
10/1/2022 0:57,-0.4,0
10/1/2022 0:58,-0.3,0
10/1/2022 0:58,-0.2,0
10/1/2022 0:58,-0.3,0
10/1/2022 0:58,0,0
10/1/2022 0:58,-0.3,0
10/1/2022 0:58,-0.3,0
10/1/2022 0:59,0,0
10/1/2022 0:59,0,0
10/1/2022 0:59,-0.4,0
10/1/2022 0:59,-0.2,0
10/1/2022 0:59,-0.2,0
10/1/2022 0:59,-0.1,0
10/1/2022 1:00,-0.3,0
10/1/2022 1:00,-0.3,0
10/1/2022 1:00,-0.2,0
10/1/2022 1:00,-0.1,0
10/1/2022 1:00,-0.2,0
10/1/2022 1:00,-0.2,0
10/1/2022 1:01,-0.2,0
10/1/2022 1:01,-0.1,0
10/1/2022 1:01,0,0
10/1/2022 1:01,0,0
10/1/2022 1:01,-0.3,0
10/1/2022 1:01,-0.1,0
10/1/2022 1:02,-0.3,0
10/1/2022 1:02,-0.1,0
10/1/2022 1:02,-0.2,0
10/1/2022 1:02,-0.1,0
10/1/2022 1:02,0,0
10/1/2022 1:02,-0.4,0
10/1/2022 1:03,0,0
10/1/2022 1:03,-0.1,0
10/1/2022 1:03,-0.3,0
10/1/2022 1:03,-0.3,0
10/1/2022 1:03,-0.1,0
10/1/2022 1:03,-0.2,0
10/1/2022 1:04,-0.1,0
10/1/2022 1:04,-0.3,0
10/1/2022 1:04,-0.2,0
10/1/2022 1:04,-0.1,0
10/1/2022 1:04,-0.3,0
10/1/2022 1:04,-0.2,0
10/1/2022 1:05,0.1,0
10/1/2022 1:05,-0.3,0
10/1/2022 1:05,-0.3,0
10/1/2022 1:05,-0.1,0
10/1/2022 1:05,-0.3,0
10/1/2022 1:05,0,0
10/1/2022 1:06,-0.1,0
10/1/2022 1:06,-0.1,0
10/1/2022 1:06,-0.3,0
10/1/2022 1:06,-0.2,0
10/1/2022 1:06,0,0
10/1/2022 1:06,-0.3,0
10/1/2022 1:07,-0.1,0
10/1/2022 1:07,-0.1,0
10/1/2022 1:07,-0.2,0
10/1/2022 1:07,-0.1,0
10/1/2022 1:07,-0.2,0
10/1/2022 1:07,-0.1,0
10/1/2022 1:08,-0.3,0
10/1/2022 1:08,-0.1,0
10/1/2022 1:08,-0.1,0
10/1/2022 1:08,0,0
10/1/2022 1:08,-0.1,0
10/1/2022 1:08,-0.3,0
10/1/2022 1:09,-0.1,0
10/1/2022 1:09,-0.1,0
10/1/2022 1:09,-0.1,0
10/1/2022 1:09,0,0
10/1/2022 1:09,-0.2,0
10/1/2022 1:09,-0.3,0
10/1/2022 1:10,-0.2,0
10/1/2022 1:10,-0.3,0
10/1/2022 1:10,-0.1,0
10/1/2022 1:10,-0.3,0
10/1/2022 1:10,-0.2,0
10/1/2022 1:10,-0.4,0
10/1/2022 1:11,-0.1,0
10/1/2022 1:11,-0.2,0
10/1/2022 1:11,-0.3,0
10/1/2022 1:11,-0.2,0
10/1/2022 1:11,-0.2,0
10/1/2022 1:11,-0.3,0
10/1/2022 1:12,-0.1,0
10/1/2022 1:12,0,0
10/1/2022 1:12,-0.1,0
10/1/2022 1:12,-0.4,0
10/1/2022 1:12,-0.1,0
10/1/2022 1:12,-0.2,0
10/1/2022 1:13,-0.3,0
10/1/2022 1:13,-0.2,0
10/1/2022 1:13,0,0
10/1/2022 1:13,-0.2,0
10/1/2022 1:13,-0.1,0
10/1/2022 1:13,-0.1,0
10/1/2022 1:14,-0.3,0
10/1/2022 1:14,-0.2,0
10/1/2022 1:14,-0.3,0
10/1/2022 1:14,0,0
10/1/2022 1:14,-0.3,0
10/1/2022 1:14,-0.1,0
10/1/2022 1:15,-0.1,0
10/1/2022 1:15,-0.3,0
10/1/2022 1:15,0,0
10/1/2022 1:15,-0.3,0
10/1/2022 1:15,-0.1,0
10/1/2022 1:15,-0.3,0
10/1/2022 1:16,-0.3,0
10/1/2022 1:16,-0.3,0
10/1/2022 1:16,-0.2,0
10/1/2022 1:16,-0.4,0
10/1/2022 1:16,-0.2,0
10/1/2022 1:16,-0.1,0
10/1/2022 1:17,-0.1,0
10/1/2022 1:17,-0.3,0
10/1/2022 1:17,-0.2,0
10/1/2022 1:17,-0.4,0
10/1/2022 1:17,-0.2,0
10/1/2022 1:17,-0.1,0
10/1/2022 1:18,0,0
10/1/2022 1:18,-0.1,0
10/1/2022 1:18,-0.4,0
10/1/2022 1:18,-0.3,0
10/1/2022 1:18,-0.2,0
10/1/2022 1:18,-0.4,0
10/1/2022 1:19,-0.2,0
10/1/2022 1:19,-0.3,0
10/1/2022 1:19,0,0
10/1/2022 1:19,-0.2,0
10/1/2022 1:19,-0.3,0
10/1/2022 1:19,-0.2,0
10/1/2022 1:20,-0.3,0
10/1/2022 1:20,-0.2,0
10/1/2022 1:20,-0.1,0
10/1/2022 1:20,0,0
10/1/2022 1:20,-0.1,0
10/1/2022 1:20,-0.3,0
10/1/2022 1:21,-0.3,0
10/1/2022 1:21,-0.3,0
10/1/2022 1:21,-0.2,0
10/1/2022 1:21,-0.2,0
10/1/2022 1:21,-0.1,0
10/1/2022 1:21,-0.2,0
10/1/2022 1:22,0,0
10/1/2022 1:22,-0.1,0
10/1/2022 1:22,-0.2,0
10/1/2022 1:22,-0.4,0
10/1/2022 1:22,-0.2,0
10/1/2022 1:22,-0.1,0
10/1/2022 1:23,-0.3,0
10/1/2022 1:23,-0.3,0
10/1/2022 1:23,-0.2,0
10/1/2022 1:23,-0.3,0
10/1/2022 1:23,-0.2,0
10/1/2022 1:23,-0.2,0
10/1/2022 1:24,-0.2,0
10/1/2022 1:24,-0.4,0
10/1/2022 1:24,-0.2,0
10/1/2022 1:24,-0.1,0
10/1/2022 1:24,-0.1,0
10/1/2022 1:24,-0.2,0
10/1/2022 1:25,-0.4,0
10/1/2022 1:25,-0.4,0
10/1/2022 1:25,-0.1,0
10/1/2022 1:25,-0.3,0
10/1/2022 1:25,-0.2,0
10/1/2022 1:25,-0.3,0
10/1/2022 1:26,-0.3,0
10/1/2022 1:26,-0.1,0
10/1/2022 1:26,-0.3,0
10/1/2022 1:26,-0.3,0
10/1/2022 1:26,-0.2,0
10/1/2022 1:26,-0.3,0
10/1/2022 1:27,0,0
10/1/2022 1:27,-0.1,0
10/1/2022 1:27,-0.1,0
10/1/2022 1:27,-0.1,0
10/1/2022 1:27,-0.2,0
10/1/2022 1:27,-0.1,0
10/1/2022 1:28,-0.3,0
10/1/2022 1:28,-0.4,0
10/1/2022 1:28,-0.1,0
10/1/2022 1:28,-0.1,0
10/1/2022 1:28,-0.1,0
10/1/2022 1:28,0,0
10/1/2022 1:29,-0.1,0
10/1/2022 1:29,-0.4,0
10/1/2022 1:29,-0.1,0
10/1/2022 1:29,-0.2,0
10/1/2022 1:29,-0.4,0
10/1/2022 1:29,-0.1,0
10/1/2022 1:30,0,0
10/1/2022 1:30,-0.1,0
10/1/2022 1:30,-0.4,0
10/1/2022 1:30,-0.2,0
10/1/2022 1:30,-0.2,0
10/1/2022 1:30,-0.1,0
10/1/2022 1:31,-0.3,0
10/1/2022 1:31,-0.2,0
10/1/2022 1:31,-0.1,0
10/1/2022 1:31,-0.2,0
10/1/2022 1:31,-0.3,0
10/1/2022 1:31,0,0
10/1/2022 1:32,-0.2,0
10/1/2022 1:32,-0.3,0
10/1/2022 1:32,-0.1,0
10/1/2022 1:32,-0.2,0
10/1/2022 1:32,-0.1,0
10/1/2022 1:32,-0.2,0
10/1/2022 1:33,-0.2,0
10/1/2022 1:33,-0.1,0
10/1/2022 1:33,-0.2,0
10/1/2022 1:33,-0.3,0
10/1/2022 1:33,-0.1,0
10/1/2022 1:33,-0.1,0
10/1/2022 1:34,-0.2,0
10/1/2022 1:34,-0.3,0
10/1/2022 1:34,-0.1,0
10/1/2022 1:34,-0.1,0
10/1/2022 1:34,-0.3,0
10/1/2022 1:34,-0.3,0
10/1/2022 1:35,-0.2,0
10/1/2022 1:35,0,0
10/1/2022 1:35,-0.3,0
10/1/2022 1:35,-0.1,0
10/1/2022 1:35,0,0
10/1/2022 1:35,-0.2,0
10/1/2022 1:36,-0.1,0
10/1/2022 1:36,-0.1,0
10/1/2022 1:36,0,0
10/1/2022 1:36,-0.4,0
10/1/2022 1:36,-0.2,0
10/1/2022 1:36,-0.2,0
10/1/2022 1:37,-0.1,0
10/1/2022 1:37,-0.3,0
10/1/2022 1:37,-0.1,0
10/1/2022 1:37,-0.2,0
10/1/2022 1:37,-0.3,0
10/1/2022 1:37,-0.2,0
10/1/2022 1:38,-0.1,0
10/1/2022 1:38,-0.1,0
10/1/2022 1:38,-0.3,0
10/1/2022 1:38,-0.2,0
10/1/2022 1:38,-0.1,0
10/1/2022 1:38,-0.1,0
10/1/2022 1:39,-0.3,0
10/1/2022 1:39,-0.4,0
10/1/2022 1:39,-0.1,0
10/1/2022 1:39,-0.2,0
10/1/2022 1:39,-0.2,0
10/1/2022 1:39,-0.2,0
10/1/2022 1:40,-0.1,0
10/1/2022 1:40,0,0
10/1/2022 1:40,-0.4,0
10/1/2022 1:40,-0.3,0
10/1/2022 1:40,-0.2,0
10/1/2022 1:40,-0.1,0
10/1/2022 1:41,-0.3,0
10/1/2022 1:41,-0.2,0
10/1/2022 1:41,0,0
10/1/2022 1:41,-0.2,0
10/1/2022 1:41,-0.1,0
10/1/2022 1:41,-0.2,0
10/1/2022 1:42,-0.2,0
10/1/2022 1:42,-0.1,0
10/1/2022 1:42,-0.2,0
10/1/2022 1:42,-0.3,0
10/1/2022 1:42,0,0
10/1/2022 1:42,-0.4,0
10/1/2022 1:43,-0.2,0
10/1/2022 1:43,-0.3,0
10/1/2022 1:43,-0.3,0
10/1/2022 1:43,-0.2,0
10/1/2022 1:43,0,0
10/1/2022 1:43,-0.3,0
10/1/2022 1:44,-0.1,0
10/1/2022 1:44,-0.1,0
10/1/2022 1:44,-0.2,0
10/1/2022 1:44,0,0
10/1/2022 1:44,-0.2,0
10/1/2022 1:44,-0.2,0
10/1/2022 1:45,-0.3,0
10/1/2022 1:45,-0.2,0
10/1/2022 1:45,0,0
10/1/2022 1:45,-0.3,0
10/1/2022 1:45,0,0
10/1/2022 1:45,-0.4,0
10/1/2022 1:46,-0.1,0
10/1/2022 1:46,0,0
10/1/2022 1:46,-0.2,0
10/1/2022 1:46,-0.3,0
10/1/2022 1:46,-0.2,0
10/1/2022 1:46,-0.2,0
10/1/2022 1:47,-0.1,0
10/1/2022 1:47,-0.2,0
10/1/2022 1:47,0,0
10/1/2022 1:47,-0.2,0
10/1/2022 1:47,-0.4,0
10/1/2022 1:47,-0.2,0
10/1/2022 1:48,-0.2,0
10/1/2022 1:48,-0.1,0
10/1/2022 1:48,-0.3,0
10/1/2022 1:48,-0.4,0
10/1/2022 1:48,-0.2,0
10/1/2022 1:48,-0.4,0
10/1/2022 1:49,-0.1,0
10/1/2022 1:49,-0.3,0
10/1/2022 1:49,-0.2,0
10/1/2022 1:49,-0.2,0
10/1/2022 1:49,-0.2,0
10/1/2022 1:49,-0.2,0
10/1/2022 1:50,-0.1,0
10/1/2022 1:50,-0.1,0
10/1/2022 1:50,-0.3,0
10/1/2022 1:50,-0.3,0
10/1/2022 1:50,-0.1,0
10/1/2022 1:50,-0.2,0
10/1/2022 1:51,0,0
10/1/2022 1:51,-0.3,0
10/1/2022 1:51,-0.4,0
10/1/2022 1:51,-0.3,0
10/1/2022 1:51,-0.1,0
10/1/2022 1:51,-0.4,0
10/1/2022 1:52,0,0
10/1/2022 1:52,-0.1,0
10/1/2022 1:52,-0.3,0
10/1/2022 1:52,0,0
10/1/2022 1:52,-0.1,0
10/1/2022 1:52,-0.3,0
10/1/2022 1:53,-0.1,0
10/1/2022 1:53,-0.2,0
10/1/2022 1:53,-0.1,0
10/1/2022 1:53,-0.2,0
10/1/2022 1:53,-0.1,0
10/1/2022 1:53,-0.3,0
10/1/2022 1:54,-0.2,0
10/1/2022 1:54,-0.3,0
10/1/2022 1:54,-0.1,0
10/1/2022 1:54,-0.2,0
10/1/2022 1:54,-0.1,0
10/1/2022 1:54,-0.2,0
10/1/2022 1:55,-0.1,0
10/1/2022 1:55,-0.2,0
10/1/2022 1:55,0,0
10/1/2022 1:55,-0.4,0
10/1/2022 1:55,-0.2,0
10/1/2022 1:55,-0.2,0
10/1/2022 1:56,-0.2,0
10/1/2022 1:56,-0.3,0
10/1/2022 1:56,-0.4,0
10/1/2022 1:56,-0.2,0
10/1/2022 1:56,-0.2,0
10/1/2022 1:56,-0.1,0
10/1/2022 1:57,-0.1,0
10/1/2022 1:57,-0.3,0
10/1/2022 1:57,-0.2,0
10/1/2022 1:57,-0.2,0
10/1/2022 1:57,-0.4,0
10/1/2022 1:57,-0.1,0
10/1/2022 1:58,-0.2,0
10/1/2022 1:58,-0.2,0
10/1/2022 1:58,-0.2,0
10/1/2022 1:58,-0.2,0
10/1/2022 1:58,-0.2,0
10/1/2022 1:58,-0.4,0
10/1/2022 1:59,-0.2,0
10/1/2022 1:59,-0.1,0
10/1/2022 1:59,-0.4,0
10/1/2022 1:59,-0.4,0
10/1/2022 1:59,-0.1,0
10/1/2022 1:59,-0.3,0
10/1/2022 2:00,-0.1,0
10/1/2022 2:00,-0.2,0
10/1/2022 2:00,-0.1,0
10/1/2022 2:00,-0.1,0
10/1/2022 2:00,-0.2,0
10/1/2022 2:00,-0.2,0
10/1/2022 2:01,-0.2,0
10/1/2022 2:01,-0.3,0
10/1/2022 2:01,-0.3,0
10/1/2022 2:01,-0.4,0
10/1/2022 2:01,-0.2,0
10/1/2022 2:01,-0.1,0
10/1/2022 2:02,-0.1,0
10/1/2022 2:02,-0.3,0
10/1/2022 2:02,-0.2,0
10/1/2022 2:02,-0.1,0
10/1/2022 2:02,-0.1,0
10/1/2022 2:02,-0.2,0
10/1/2022 2:03,-0.2,0
10/1/2022 2:03,-0.3,0
10/1/2022 2:03,0,0
10/1/2022 2:03,-0.2,0
10/1/2022 2:03,-0.2,0
10/1/2022 2:03,-0.3,0
10/1/2022 2:04,-0.3,0
10/1/2022 2:04,-0.1,0
10/1/2022 2:04,-0.1,0
10/1/2022 2:04,-0.2,0
10/1/2022 2:04,-0.3,0
10/1/2022 2:04,-0.3,0
10/1/2022 2:05,-0.4,0
10/1/2022 2:05,-0.3,0
10/1/2022 2:05,-0.3,0
10/1/2022 2:05,-0.2,0
10/1/2022 2:05,0.1,0
10/1/2022 2:05,-0.3,0
10/1/2022 2:06,-0.3,0
10/1/2022 2:06,-0.3,0
10/1/2022 2:06,-0.1,0
10/1/2022 2:06,-0.3,0
10/1/2022 2:06,-0.1,0
10/1/2022 2:06,-0.4,0
10/1/2022 2:07,-0.2,0
10/1/2022 2:07,-0.2,0
10/1/2022 2:07,-0.1,0
10/1/2022 2:07,-0.4,0
10/1/2022 2:07,-0.1,0
10/1/2022 2:07,-0.2,0
10/1/2022 2:08,0,0
10/1/2022 2:08,-0.3,0
10/1/2022 2:08,-0.4,0
10/1/2022 2:08,-0.2,0
10/1/2022 2:08,-0.3,0
10/1/2022 2:08,-0.4,0
10/1/2022 2:09,-0.4,0
10/1/2022 2:09,-0.2,0
10/1/2022 2:09,-0.2,0
10/1/2022 2:09,-0.3,0
10/1/2022 2:09,-0.3,0
10/1/2022 2:09,-0.3,0
10/1/2022 2:10,-0.1,0
10/1/2022 2:10,0,0
10/1/2022 2:10,-0.4,0
10/1/2022 2:10,-0.1,0
10/1/2022 2:10,-0.1,0
10/1/2022 2:10,0,0
10/1/2022 2:11,-0.2,0
10/1/2022 2:11,0,0
10/1/2022 2:11,-0.1,0
10/1/2022 2:11,-0.4,0
10/1/2022 2:11,-0.2,0
10/1/2022 2:11,-0.2,0
10/1/2022 2:12,-0.4,0
10/1/2022 2:12,-0.2,0
10/1/2022 2:12,-0.1,0
10/1/2022 2:12,-0.2,0
10/1/2022 2:12,-0.1,0
10/1/2022 2:12,-0.4,0
10/1/2022 2:13,0,0
10/1/2022 2:13,-0.1,0
10/1/2022 2:13,0,0
10/1/2022 2:13,-0.3,0
10/1/2022 2:13,-0.1,0
10/1/2022 2:13,-0.1,0
10/1/2022 2:14,-0.3,0
10/1/2022 2:14,-0.1,0
10/1/2022 2:14,-0.1,0
10/1/2022 2:14,-0.1,0
10/1/2022 2:14,-0.1,0
10/1/2022 2:14,-0.3,0
10/1/2022 2:15,-0.1,0
10/1/2022 2:15,-0.2,0
10/1/2022 2:15,0,0
10/1/2022 2:15,-0.3,0
10/1/2022 2:15,-0.3,0
10/1/2022 2:15,0,0
10/1/2022 2:16,-0.3,0
10/1/2022 2:16,-0.2,0
10/1/2022 2:16,-0.1,0
10/1/2022 2:16,-0.2,0
10/1/2022 2:16,-0.2,0
10/1/2022 2:16,0,0
10/1/2022 2:17,-0.1,0
10/1/2022 2:17,-0.2,0
10/1/2022 2:17,0,0
10/1/2022 2:17,-0.4,0
10/1/2022 2:17,-0.2,0
10/1/2022 2:17,-0.3,0
10/1/2022 2:18,-0.2,0
10/1/2022 2:18,-0.1,0
10/1/2022 2:18,-0.2,0
10/1/2022 2:18,-0.4,0
10/1/2022 2:18,-0.2,0
10/1/2022 2:18,-0.1,0
10/1/2022 2:19,-0.1,0
10/1/2022 2:19,-0.3,0
10/1/2022 2:19,-0.3,0
10/1/2022 2:19,-0.2,0
10/1/2022 2:19,-0.3,0
10/1/2022 2:19,-0.1,0
10/1/2022 2:20,-0.3,0
10/1/2022 2:20,-0.2,0
10/1/2022 2:20,-0.3,0
10/1/2022 2:20,-0.2,0
10/1/2022 2:20,-0.3,0
10/1/2022 2:20,0,0
10/1/2022 2:21,-0.1,0
10/1/2022 2:21,-0.2,0
10/1/2022 2:21,0,0
10/1/2022 2:21,-0.1,0
10/1/2022 2:21,-0.3,0
10/1/2022 2:21,-0.2,0
10/1/2022 2:22,-0.3,0
10/1/2022 2:22,-0.1,0
10/1/2022 2:22,-0.2,0
10/1/2022 2:22,-0.2,0
10/1/2022 2:22,0,0
10/1/2022 2:22,-0.3,0
10/1/2022 2:23,0,0
10/1/2022 2:23,-0.3,0
10/1/2022 2:23,-0.2,0
10/1/2022 2:23,-0.2,0
10/1/2022 2:23,-0.3,0
10/1/2022 2:23,-0.2,0
10/1/2022 2:24,-0.1,0
10/1/2022 2:24,-0.3,0
10/1/2022 2:24,-0.2,0
10/1/2022 2:24,-0.2,0
10/1/2022 2:24,-0.1,0
10/1/2022 2:24,-0.1,0
10/1/2022 2:25,-0.2,0
10/1/2022 2:25,-0.3,0
10/1/2022 2:25,-0.2,0
10/1/2022 2:25,0,0
10/1/2022 2:25,-0.4,0
10/1/2022 2:25,-0.2,0
10/1/2022 2:26,0,0
10/1/2022 2:26,-0.3,0
10/1/2022 2:26,-0.1,0
10/1/2022 2:26,-0.1,0
10/1/2022 2:26,-0.3,0
10/1/2022 2:26,-0.2,0
10/1/2022 2:27,-0.2,0
10/1/2022 2:27,-0.2,0
10/1/2022 2:27,-0.4,0
10/1/2022 2:27,-0.3,0
10/1/2022 2:27,-0.3,0
10/1/2022 2:27,-0.4,0
10/1/2022 2:28,0,0
10/1/2022 2:28,-0.1,0
10/1/2022 2:28,-0.1,0
10/1/2022 2:28,-0.1,0
10/1/2022 2:28,-0.3,0
10/1/2022 2:28,-0.3,0
10/1/2022 2:29,0,0
10/1/2022 2:29,-0.2,0
10/1/2022 2:29,-0.1,0
10/1/2022 2:29,-0.4,0
10/1/2022 2:29,-0.1,0
10/1/2022 2:29,-0.4,0
10/1/2022 2:30,-0.2,0
10/1/2022 2:30,-0.4,0
10/1/2022 2:30,-0.2,0
10/1/2022 2:30,-0.4,0
10/1/2022 2:30,-0.2,0
10/1/2022 2:30,-0.4,0
10/1/2022 2:31,-0.1,0
10/1/2022 2:31,0,0
10/1/2022 2:31,-0.2,0
10/1/2022 2:31,-0.3,0
10/1/2022 2:31,0,0
10/1/2022 2:31,-0.2,0
10/1/2022 2:32,-0.3,0
10/1/2022 2:32,-0.2,0
10/1/2022 2:32,-0.3,0
10/1/2022 2:32,-0.2,0
10/1/2022 2:32,-0.3,0
10/1/2022 2:32,-0.3,0
10/1/2022 2:33,-0.1,0
10/1/2022 2:33,-0.3,0
10/1/2022 2:33,-0.2,0
10/1/2022 2:33,-0.2,0
10/1/2022 2:33,-0.2,0
10/1/2022 2:33,-0.3,0
10/1/2022 2:34,0,0
10/1/2022 2:34,-0.2,0
10/1/2022 2:34,0.1,0
10/1/2022 2:34,-0.1,0
10/1/2022 2:34,0,0
10/1/2022 2:34,-0.1,0
10/1/2022 2:35,-0.4,0
10/1/2022 2:35,-0.1,0
10/1/2022 2:35,-0.2,0
10/1/2022 2:35,-0.4,0
10/1/2022 2:35,-0.2,0
10/1/2022 2:35,-0.4,0
10/1/2022 2:36,-0.3,0
10/1/2022 2:36,-0.1,0
10/1/2022 2:36,0,0
10/1/2022 2:36,-0.2,0
10/1/2022 2:36,-0.3,0
10/1/2022 2:36,-0.1,0
10/1/2022 2:37,-0.4,0
10/1/2022 2:37,-0.2,0
10/1/2022 2:37,-0.2,0
10/1/2022 2:37,-0.1,0
10/1/2022 2:37,0,0
10/1/2022 2:37,-0.3,0
10/1/2022 2:38,-0.4,0
10/1/2022 2:38,-0.3,0
10/1/2022 2:38,-0.3,0
10/1/2022 2:38,-0.1,0
10/1/2022 2:38,-0.3,0
10/1/2022 2:38,-0.2,0
10/1/2022 2:39,-0.2,0
10/1/2022 2:39,-0.1,0
10/1/2022 2:39,-0.1,0
10/1/2022 2:39,0,0
10/1/2022 2:39,-0.2,0
10/1/2022 2:39,-0.4,0
10/1/2022 2:40,-0.2,0
10/1/2022 2:40,-0.2,0
10/1/2022 2:40,-0.3,0
10/1/2022 2:40,-0.2,0
10/1/2022 2:40,-0.4,0
10/1/2022 2:40,-0.2,0
10/1/2022 2:41,-0.2,0
10/1/2022 2:41,-0.3,0
10/1/2022 2:41,0,0
10/1/2022 2:41,-0.2,0
10/1/2022 2:41,-0.2,0
10/1/2022 2:41,-0.1,0
10/1/2022 2:42,-0.2,0
10/1/2022 2:42,-0.1,0
10/1/2022 2:42,-0.1,0
10/1/2022 2:42,-0.2,0
10/1/2022 2:42,-0.2,0
10/1/2022 2:42,-0.3,0
10/1/2022 2:43,-0.1,0
10/1/2022 2:43,-0.3,0
10/1/2022 2:43,0,0
10/1/2022 2:43,-0.1,0
10/1/2022 2:43,0,0
10/1/2022 2:43,-0.1,0
10/1/2022 2:44,-0.1,0
10/1/2022 2:44,-0.3,0
10/1/2022 2:44,-0.1,0
10/1/2022 2:44,-0.1,0
10/1/2022 2:44,-0.2,0
10/1/2022 2:44,-0.3,0
10/1/2022 2:45,-0.2,0
10/1/2022 2:45,-0.4,0
10/1/2022 2:45,-0.2,0
10/1/2022 2:45,-0.4,0
10/1/2022 2:45,-0.2,0
10/1/2022 2:45,-0.3,0
10/1/2022 2:46,-0.1,0
10/1/2022 2:46,-0.1,0
10/1/2022 2:46,-0.4,0
10/1/2022 2:46,-0.2,0
10/1/2022 2:46,-0.3,0
10/1/2022 2:46,-0.2,0
10/1/2022 2:47,-0.1,0
10/1/2022 2:47,-0.3,0
10/1/2022 2:47,-0.1,0
10/1/2022 2:47,-0.1,0
10/1/2022 2:47,-0.1,0
10/1/2022 2:47,-0.1,0
10/1/2022 2:48,-0.4,0
10/1/2022 2:48,0,0
10/1/2022 2:48,-0.2,0
10/1/2022 2:48,0,0
10/1/2022 2:48,-0.3,0
10/1/2022 2:48,-0.1,0
10/1/2022 2:49,-0.2,0
10/1/2022 2:49,-0.3,0
10/1/2022 2:49,0,0
10/1/2022 2:49,-0.1,0
10/1/2022 2:49,-0.1,0
10/1/2022 2:49,-0.3,0
10/1/2022 2:50,-0.1,0
10/1/2022 2:50,-0.2,0
10/1/2022 2:50,-0.3,0
10/1/2022 2:50,-0.2,0
10/1/2022 2:50,-0.1,0
10/1/2022 2:50,-0.1,0
10/1/2022 2:51,0,0
10/1/2022 2:51,-0.1,0
10/1/2022 2:51,-0.1,0
10/1/2022 2:51,-0.4,0
10/1/2022 2:51,-0.1,0
10/1/2022 2:51,-0.4,0
10/1/2022 2:52,-0.2,0
10/1/2022 2:52,-0.2,0
10/1/2022 2:52,-0.3,0
10/1/2022 2:52,-0.2,0
10/1/2022 2:52,-0.3,0
10/1/2022 2:52,-0.2,0
10/1/2022 2:53,-0.3,0
10/1/2022 2:53,-0.3,0
10/1/2022 2:53,-0.2,0
10/1/2022 2:53,-0.3,0
10/1/2022 2:53,-0.2,0
10/1/2022 2:53,-0.3,0
10/1/2022 2:54,0,0
10/1/2022 2:54,-0.2,0
10/1/2022 2:54,-0.2,0
10/1/2022 2:54,-0.3,0
10/1/2022 2:54,-0.1,0
10/1/2022 2:54,0,0
10/1/2022 2:55,0,0
10/1/2022 2:55,-0.1,0
10/1/2022 2:55,-0.4,0
10/1/2022 2:55,-0.2,0
10/1/2022 2:55,-0.4,0
10/1/2022 2:55,-0.3,0
10/1/2022 2:56,-0.2,0
10/1/2022 2:56,-0.3,0
10/1/2022 2:56,-0.2,0
10/1/2022 2:56,0,0
10/1/2022 2:56,-0.1,0
10/1/2022 2:56,-0.3,0
10/1/2022 2:57,-0.1,0
10/1/2022 2:57,-0.3,0
10/1/2022 2:57,-0.2,0
10/1/2022 2:57,-0.1,0
10/1/2022 2:57,-0.1,0
10/1/2022 2:57,-0.2,0
10/1/2022 2:58,-0.1,0
10/1/2022 2:58,0,0
10/1/2022 2:58,0,0
10/1/2022 2:58,-0.2,0
10/1/2022 2:58,-0.2,0
10/1/2022 2:58,-0.2,0
10/1/2022 2:59,-0.2,0
10/1/2022 2:59,0,0
10/1/2022 2:59,-0.3,0
10/1/2022 2:59,-0.3,0
10/1/2022 2:59,0,0
10/1/2022 2:59,-0.3,0
10/1/2022 3:00,-0.3,0
10/1/2022 3:00,-0.2,0
10/1/2022 3:00,-0.1,0
10/1/2022 3:00,-0.3,0
10/1/2022 3:00,-0.3,0
10/1/2022 3:00,-0.2,0
10/1/2022 3:01,0,0
10/1/2022 3:01,-0.2,0
10/1/2022 3:01,-0.1,0
10/1/2022 3:01,-0.3,0
10/1/2022 3:01,-0.1,0
10/1/2022 3:01,-0.3,0
10/1/2022 3:02,-0.3,0
10/1/2022 3:02,-0.3,0
10/1/2022 3:02,-0.1,0
10/1/2022 3:02,-0.4,0
10/1/2022 3:02,-0.1,0
10/1/2022 3:02,-0.2,0
10/1/2022 3:03,-0.4,0
10/1/2022 3:03,-0.3,0
10/1/2022 3:03,-0.1,0
10/1/2022 3:03,-0.1,0
10/1/2022 3:03,-0.4,0
10/1/2022 3:03,-0.1,0
10/1/2022 3:04,-0.3,0
10/1/2022 3:04,-0.2,0
10/1/2022 3:04,-0.3,0
10/1/2022 3:04,-0.1,0
10/1/2022 3:04,-0.2,0
10/1/2022 3:04,-0.3,0
10/1/2022 3:05,-0.1,0
10/1/2022 3:05,-0.2,0
10/1/2022 3:05,-0.3,0
10/1/2022 3:05,-0.1,0
10/1/2022 3:05,-0.2,0
10/1/2022 3:05,0,0
10/1/2022 3:06,-0.4,0
10/1/2022 3:06,-0.1,0
10/1/2022 3:06,-0.1,0
10/1/2022 3:06,-0.3,0
10/1/2022 3:06,-0.4,0
10/1/2022 3:06,-0.2,0
10/1/2022 3:07,0,0
10/1/2022 3:07,-0.3,0
10/1/2022 3:07,-0.1,0
10/1/2022 3:07,-0.2,0
10/1/2022 3:07,-0.3,0
10/1/2022 3:07,-0.2,0
10/1/2022 3:08,-0.3,0
10/1/2022 3:08,-0.2,0
10/1/2022 3:08,-0.3,0
10/1/2022 3:08,-0.2,0
10/1/2022 3:08,-0.2,0
10/1/2022 3:08,0,0
10/1/2022 3:09,-0.1,0
10/1/2022 3:09,0,0
10/1/2022 3:09,-0.4,0
10/1/2022 3:09,-0.1,0
10/1/2022 3:09,-0.2,0
10/1/2022 3:09,-0.4,0
10/1/2022 3:10,-0.2,0
10/1/2022 3:10,-0.1,0
10/1/2022 3:10,-0.2,0
10/1/2022 3:10,-0.2,0
10/1/2022 3:10,-0.1,0
10/1/2022 3:10,-0.3,0
10/1/2022 3:11,-0.4,0
10/1/2022 3:11,-0.2,0
10/1/2022 3:11,-0.3,0
10/1/2022 3:11,-0.2,0
10/1/2022 3:11,-0.3,0
10/1/2022 3:11,-0.3,0
10/1/2022 3:12,-0.2,0
10/1/2022 3:12,-0.4,0
10/1/2022 3:12,-0.2,0
10/1/2022 3:12,-0.2,0
10/1/2022 3:12,-0.3,0
10/1/2022 3:12,-0.1,0
10/1/2022 3:13,-0.1,0
10/1/2022 3:13,-0.1,0
10/1/2022 3:13,-0.2,0
10/1/2022 3:13,-0.1,0
10/1/2022 3:13,-0.2,0
10/1/2022 3:13,-0.2,0
10/1/2022 3:14,-0.1,0
10/1/2022 3:14,-0.3,0
10/1/2022 3:14,-0.2,0
10/1/2022 3:14,-0.1,0
10/1/2022 3:14,-0.2,0
10/1/2022 3:14,0,0
10/1/2022 3:15,-0.4,0
10/1/2022 3:15,-0.2,0
10/1/2022 3:15,-0.3,0
10/1/2022 3:15,-0.2,0
10/1/2022 3:15,-0.2,0
10/1/2022 3:15,0,0
10/1/2022 3:16,-0.3,0
10/1/2022 3:16,-0.4,0
10/1/2022 3:16,0,0
10/1/2022 3:16,-0.2,0
10/1/2022 3:16,-0.3,0
10/1/2022 3:16,-0.2,0
10/1/2022 3:17,-0.1,0
10/1/2022 3:17,-0.2,0
10/1/2022 3:17,-0.3,0
10/1/2022 3:17,0,0
10/1/2022 3:17,-0.3,0
10/1/2022 3:17,-0.3,0
10/1/2022 3:18,0,0
10/1/2022 3:18,-0.4,0
10/1/2022 3:18,-0.2,0
10/1/2022 3:18,-0.2,0
10/1/2022 3:18,-0.4,0
10/1/2022 3:18,-0.3,0
10/1/2022 3:19,-0.1,0
10/1/2022 3:19,-0.3,0
10/1/2022 3:19,-0.3,0
10/1/2022 3:19,-0.2,0
10/1/2022 3:19,-0.2,0
10/1/2022 3:19,-0.3,0
10/1/2022 3:20,-0.2,0
10/1/2022 3:20,-0.4,0
10/1/2022 3:20,-0.1,0
10/1/2022 3:20,0,0
10/1/2022 3:20,-0.3,0
10/1/2022 3:20,-0.2,0
10/1/2022 3:21,-0.1,0
10/1/2022 3:21,-0.2,0
10/1/2022 3:21,-0.4,0
10/1/2022 3:21,-0.1,0
10/1/2022 3:21,-0.3,0
10/1/2022 3:21,-0.1,0
10/1/2022 3:22,-0.1,0
10/1/2022 3:22,-0.1,0
10/1/2022 3:22,-0.1,0
10/1/2022 3:22,-0.2,0
10/1/2022 3:22,-0.2,0
10/1/2022 3:22,-0.1,0
10/1/2022 3:23,-0.3,0
10/1/2022 3:23,-0.1,0
10/1/2022 3:23,-0.3,0
10/1/2022 3:23,-0.2,0
10/1/2022 3:23,-0.3,0
10/1/2022 3:23,-0.1,0
10/1/2022 3:24,-0.4,0
10/1/2022 3:24,-0.1,0
10/1/2022 3:24,0,0
10/1/2022 3:24,-0.2,0
10/1/2022 3:24,-0.3,0
10/1/2022 3:24,0,0
10/1/2022 3:25,-0.1,0
10/1/2022 3:25,-0.1,0
10/1/2022 3:25,-0.4,0
10/1/2022 3:25,-0.1,0
10/1/2022 3:25,-0.2,0
10/1/2022 3:25,-0.3,0
10/1/2022 3:26,-0.2,0
10/1/2022 3:26,-0.3,0
10/1/2022 3:26,-0.1,0
10/1/2022 3:26,-0.3,0
10/1/2022 3:26,0,0
10/1/2022 3:26,-0.1,0
10/1/2022 3:27,-0.3,0
10/1/2022 3:27,-0.1,0
10/1/2022 3:27,-0.3,0
10/1/2022 3:27,-0.1,0
10/1/2022 3:27,-0.1,0
10/1/2022 3:27,0,0
10/1/2022 3:28,-0.3,0
10/1/2022 3:28,-0.2,0
10/1/2022 3:28,-0.3,0
10/1/2022 3:28,-0.2,0
10/1/2022 3:28,-0.2,0
10/1/2022 3:28,-0.2,0
10/1/2022 3:29,-0.1,0
10/1/2022 3:29,-0.2,0
10/1/2022 3:29,-0.1,0
10/1/2022 3:29,-0.1,0
10/1/2022 3:29,-0.4,0
10/1/2022 3:29,-0.4,0
10/1/2022 3:30,-0.1,0
10/1/2022 3:30,-0.2,0
10/1/2022 3:30,-0.2,0
10/1/2022 3:30,-0.2,0
10/1/2022 3:30,-0.3,0
10/1/2022 3:30,-0.1,0
10/1/2022 3:31,0,0
10/1/2022 3:31,-0.1,0
10/1/2022 3:31,-0.2,0
10/1/2022 3:31,-0.4,0
10/1/2022 3:31,-0.2,0
10/1/2022 3:31,-0.2,0
10/1/2022 3:32,-0.3,0
10/1/2022 3:32,-0.1,0
10/1/2022 3:32,-0.3,0
10/1/2022 3:32,-0.2,0
10/1/2022 3:32,-0.1,0
10/1/2022 3:32,0,0
10/1/2022 3:33,-0.3,0
10/1/2022 3:33,-0.2,0
10/1/2022 3:33,0,0
10/1/2022 3:33,-0.2,0
10/1/2022 3:33,-0.1,0
10/1/2022 3:33,-0.2,0
10/1/2022 3:34,-0.2,0
10/1/2022 3:34,-0.1,0
10/1/2022 3:34,-0.2,0
10/1/2022 3:34,-0.2,0
10/1/2022 3:34,-0.1,0
10/1/2022 3:34,-0.3,0
10/1/2022 3:35,-0.4,0
10/1/2022 3:35,-0.2,0
10/1/2022 3:35,-0.2,0
10/1/2022 3:35,-0.1,0
10/1/2022 3:35,-0.3,0
10/1/2022 3:35,-0.2,0
10/1/2022 3:36,-0.1,0
10/1/2022 3:36,-0.2,0
10/1/2022 3:36,-0.1,0
10/1/2022 3:36,-0.1,0
10/1/2022 3:36,-0.3,0
10/1/2022 3:36,-0.2,0
10/1/2022 3:37,-0.3,0
10/1/2022 3:37,-0.1,0
10/1/2022 3:37,0,0
10/1/2022 3:37,-0.2,0
10/1/2022 3:37,-0.3,0
10/1/2022 3:37,0,0
10/1/2022 3:38,-0.2,0
10/1/2022 3:38,-0.3,0
10/1/2022 3:38,-0.3,0
10/1/2022 3:38,-0.1,0
10/1/2022 3:38,-0.1,0
10/1/2022 3:38,0,0
10/1/2022 3:39,-0.4,0
10/1/2022 3:39,-0.2,0
10/1/2022 3:39,-0.2,0
10/1/2022 3:39,0,0
10/1/2022 3:39,-0.2,0
10/1/2022 3:39,-0.4,0
10/1/2022 3:40,-0.1,0
10/1/2022 3:40,-0.1,0
10/1/2022 3:40,-0.4,0
10/1/2022 3:40,-0.3,0
10/1/2022 3:40,-0.3,0
10/1/2022 3:40,-0.1,0
10/1/2022 3:41,-0.2,0
10/1/2022 3:41,-0.3,0
10/1/2022 3:41,-0.3,0
10/1/2022 3:41,-0.2,0
10/1/2022 3:41,-0.1,0
10/1/2022 3:41,-0.3,0
10/1/2022 3:42,-0.3,0
10/1/2022 3:42,-0.3,0
10/1/2022 3:42,-0.2,0
10/1/2022 3:42,-0.2,0
10/1/2022 3:42,-0.3,0
10/1/2022 3:42,-0.2,0
10/1/2022 3:43,0,0
10/1/2022 3:43,-0.4,0
10/1/2022 3:43,-0.3,0
10/1/2022 3:43,-0.3,0
10/1/2022 3:43,-0.4,0
10/1/2022 3:43,-0.3,0
10/1/2022 3:44,-0.1,0
10/1/2022 3:44,-0.2,0
10/1/2022 3:44,-0.3,0
10/1/2022 3:44,-0.1,0
10/1/2022 3:44,-0.3,0
10/1/2022 3:44,-0.1,0
10/1/2022 3:45,-0.1,0
10/1/2022 3:45,0,0
10/1/2022 3:45,-0.1,0
10/1/2022 3:45,0,0
10/1/2022 3:45,-0.2,0
10/1/2022 3:45,-0.1,0
10/1/2022 3:46,-0.1,0
10/1/2022 3:46,-0.1,0
10/1/2022 3:46,-0.2,0
10/1/2022 3:46,-0.3,0
10/1/2022 3:46,0,0
10/1/2022 3:46,-0.3,0
10/1/2022 3:47,-0.1,0
10/1/2022 3:47,-0.1,0
10/1/2022 3:47,-0.3,0
10/1/2022 3:47,-0.2,0
10/1/2022 3:47,-0.3,0
10/1/2022 3:47,-0.2,0
10/1/2022 3:48,0,0
10/1/2022 3:48,-0.1,0
10/1/2022 3:48,-0.3,0
10/1/2022 3:48,-0.4,0
10/1/2022 3:48,-0.2,0
10/1/2022 3:48,-0.2,0
10/1/2022 3:49,-0.1,0
10/1/2022 3:49,-0.2,0
10/1/2022 3:49,0,0
10/1/2022 3:49,0,0
10/1/2022 3:49,-0.3,0
10/1/2022 3:49,0,0
10/1/2022 3:50,-0.3,0
10/1/2022 3:50,-0.3,0
10/1/2022 3:50,-0.3,0
10/1/2022 3:50,0,0
10/1/2022 3:50,-0.4,0
10/1/2022 3:50,-0.2,0
10/1/2022 3:51,-0.4,0
10/1/2022 3:51,-0.2,0
10/1/2022 3:51,-0.2,0
10/1/2022 3:51,-0.1,0
10/1/2022 3:51,-0.2,0
10/1/2022 3:51,-0.4,0
10/1/2022 3:52,-0.2,0
10/1/2022 3:52,-0.1,0
10/1/2022 3:52,-0.4,0
10/1/2022 3:52,-0.3,0
10/1/2022 3:52,-0.4,0
10/1/2022 3:52,-0.1,0
10/1/2022 3:53,-0.1,0
10/1/2022 3:53,-0.2,0
10/1/2022 3:53,-0.3,0
10/1/2022 3:53,-0.2,0
10/1/2022 3:53,-0.2,0
10/1/2022 3:53,-0.1,0
10/1/2022 3:54,-0.3,0
10/1/2022 3:54,-0.3,0
10/1/2022 3:54,-0.1,0
10/1/2022 3:54,-0.3,0
10/1/2022 3:54,-0.2,0
10/1/2022 3:54,0,0
10/1/2022 3:55,-0.1,0
10/1/2022 3:55,-0.1,0
10/1/2022 3:55,-0.1,0
10/1/2022 3:55,-0.1,0
10/1/2022 3:55,-0.1,0
10/1/2022 3:55,-0.1,0
10/1/2022 3:56,-0.3,0
10/1/2022 3:56,-0.2,0
10/1/2022 3:56,-0.3,0
10/1/2022 3:56,-0.1,0
10/1/2022 3:56,-0.2,0
10/1/2022 3:56,-0.3,0
10/1/2022 3:57,-0.1,0
10/1/2022 3:57,-0.1,0
10/1/2022 3:57,-0.2,0
10/1/2022 3:57,0,0
10/1/2022 3:57,-0.3,0
10/1/2022 3:57,0,0
10/1/2022 3:58,-0.2,0
10/1/2022 3:58,-0.1,0
10/1/2022 3:58,-0.1,0
10/1/2022 3:58,-0.1,0
10/1/2022 3:58,-0.3,0
10/1/2022 3:58,0,0
10/1/2022 3:59,-0.2,0
10/1/2022 3:59,-0.4,0
10/1/2022 3:59,-0.3,0
10/1/2022 3:59,-0.1,0
10/1/2022 3:59,-0.4,0
10/1/2022 3:59,-0.3,0
10/1/2022 4:00,-0.1,0
10/1/2022 4:00,-0.1,0
10/1/2022 4:00,-0.3,0
10/1/2022 4:00,-0.3,0
10/1/2022 4:00,-0.1,0
10/1/2022 4:00,-0.3,0
10/1/2022 4:01,-0.1,0
10/1/2022 4:01,-0.2,0
10/1/2022 4:01,-0.2,0
10/1/2022 4:01,-0.2,0
10/1/2022 4:01,-0.2,0
10/1/2022 4:01,-0.2,0
10/1/2022 4:02,0,0
10/1/2022 4:02,-0.1,0
10/1/2022 4:02,-0.2,0
10/1/2022 4:02,-0.2,0
10/1/2022 4:02,0,0
10/1/2022 4:02,-0.2,0
10/1/2022 4:03,0,0
10/1/2022 4:03,-0.3,0
10/1/2022 4:03,-0.1,0
10/1/2022 4:03,-0.1,0
10/1/2022 4:03,-0.4,0
10/1/2022 4:03,-0.3,0
10/1/2022 4:04,-0.3,0
10/1/2022 4:04,-0.3,0
10/1/2022 4:04,-0.2,0
10/1/2022 4:04,-0.2,0
10/1/2022 4:04,-0.1,0
10/1/2022 4:04,-0.2,0
10/1/2022 4:05,-0.2,0
10/1/2022 4:05,0,0
10/1/2022 4:05,-0.3,0
10/1/2022 4:05,-0.1,0
10/1/2022 4:05,0,0
10/1/2022 4:05,-0.1,0
10/1/2022 4:06,-0.1,0
10/1/2022 4:06,-0.1,0
10/1/2022 4:06,-0.4,0
10/1/2022 4:06,0,0
10/1/2022 4:06,-0.1,0
10/1/2022 4:06,-0.3,0
10/1/2022 4:07,-0.1,0
10/1/2022 4:07,-0.2,0
10/1/2022 4:07,-0.1,0
10/1/2022 4:07,-0.1,0
10/1/2022 4:07,0.1,0
10/1/2022 4:07,-0.3,0
10/1/2022 4:08,0,0
10/1/2022 4:08,-0.2,0
10/1/2022 4:08,0,0
10/1/2022 4:08,-0.1,0
10/1/2022 4:08,-0.1,0
10/1/2022 4:08,-0.2,0
10/1/2022 4:09,-0.2,0
10/1/2022 4:09,-0.1,0
10/1/2022 4:09,-0.1,0
10/1/2022 4:09,-0.1,0
10/1/2022 4:09,-0.3,0
10/1/2022 4:09,0,0
10/1/2022 4:10,-0.4,0
10/1/2022 4:10,-0.1,0
10/1/2022 4:10,-0.2,0
10/1/2022 4:10,-0.2,0
10/1/2022 4:10,-0.4,0
10/1/2022 4:10,-0.3,0
10/1/2022 4:11,-0.1,0
10/1/2022 4:11,-0.1,0
10/1/2022 4:11,-0.3,0
10/1/2022 4:11,-0.1,0
10/1/2022 4:11,-0.1,0
10/1/2022 4:11,-0.1,0
10/1/2022 4:12,-0.4,0
10/1/2022 4:12,-0.1,0
10/1/2022 4:12,-0.2,0
10/1/2022 4:12,-0.3,0
10/1/2022 4:12,-0.1,0
10/1/2022 4:12,-0.2,0
10/1/2022 4:13,-0.2,0
10/1/2022 4:13,-0.1,0
10/1/2022 4:13,-0.3,0
10/1/2022 4:13,-0.3,0
10/1/2022 4:13,-0.3,0
10/1/2022 4:13,-0.1,0
10/1/2022 4:14,-0.4,0
10/1/2022 4:14,-0.1,0
10/1/2022 4:14,-0.1,0
10/1/2022 4:14,-0.3,0
10/1/2022 4:14,-0.1,0
10/1/2022 4:14,-0.2,0
10/1/2022 4:15,-0.1,0
10/1/2022 4:15,-0.3,0
10/1/2022 4:15,-0.3,0
10/1/2022 4:15,0,0
10/1/2022 4:15,-0.1,0
10/1/2022 4:15,-0.1,0
10/1/2022 4:16,-0.2,0
10/1/2022 4:16,-0.4,0
10/1/2022 4:16,-0.2,0
10/1/2022 4:16,-0.3,0
10/1/2022 4:16,-0.1,0
10/1/2022 4:16,-0.1,0
10/1/2022 4:17,-0.1,0
10/1/2022 4:17,-0.2,0
10/1/2022 4:17,-0.3,0
10/1/2022 4:17,-0.3,0
10/1/2022 4:17,-0.1,0
10/1/2022 4:17,-0.2,0
10/1/2022 4:18,-0.2,0
10/1/2022 4:18,-0.2,0
10/1/2022 4:18,-0.2,0
10/1/2022 4:18,-0.2,0
10/1/2022 4:18,-0.1,0
10/1/2022 4:18,-0.2,0
10/1/2022 4:19,-0.2,0
10/1/2022 4:19,-0.1,0
10/1/2022 4:19,-0.2,0
10/1/2022 4:19,-0.2,0
10/1/2022 4:19,0,0
10/1/2022 4:19,-0.2,0
10/1/2022 4:20,-0.1,0
10/1/2022 4:20,-0.3,0
10/1/2022 4:20,-0.2,0
10/1/2022 4:20,-0.2,0
10/1/2022 4:20,-0.2,0
10/1/2022 4:20,-0.2,0
10/1/2022 4:21,-0.2,0
10/1/2022 4:21,-0.2,0
10/1/2022 4:21,-0.1,0
10/1/2022 4:21,0,0
10/1/2022 4:21,0,0
10/1/2022 4:21,-0.1,0
10/1/2022 4:22,0,0
10/1/2022 4:22,-0.2,0
10/1/2022 4:22,-0.1,0
10/1/2022 4:22,-0.3,0
10/1/2022 4:22,-0.2,0
10/1/2022 4:22,-0.3,0
10/1/2022 4:23,0,0
10/1/2022 4:23,0,0
10/1/2022 4:23,-0.1,0
10/1/2022 4:23,-0.2,0
10/1/2022 4:23,-0.1,0
10/1/2022 4:23,-0.2,0
10/1/2022 4:24,-0.2,0
10/1/2022 4:24,-0.3,0
10/1/2022 4:24,-0.1,0
10/1/2022 4:24,-0.2,0
10/1/2022 4:24,-0.2,0
10/1/2022 4:24,-0.2,0
10/1/2022 4:25,-0.2,0
10/1/2022 4:25,-0.2,0
10/1/2022 4:25,-0.2,0
10/1/2022 4:25,-0.1,0
10/1/2022 4:25,-0.2,0
10/1/2022 4:25,-0.1,0
10/1/2022 4:26,-0.1,0
10/1/2022 4:26,-0.2,0
10/1/2022 4:26,-0.1,0
10/1/2022 4:26,-0.2,0
10/1/2022 4:26,-0.2,0
10/1/2022 4:26,-0.3,0
10/1/2022 4:27,-0.1,0
10/1/2022 4:27,0,0
10/1/2022 4:27,-0.2,0
10/1/2022 4:27,-0.1,0
10/1/2022 4:27,-0.2,0
10/1/2022 4:27,-0.3,0
10/1/2022 4:28,-0.1,0
10/1/2022 4:28,-0.1,0
10/1/2022 4:28,0,0
10/1/2022 4:28,-0.3,0
10/1/2022 4:28,-0.1,0
10/1/2022 4:28,-0.2,0
10/1/2022 4:29,-0.1,0
10/1/2022 4:29,-0.2,0
10/1/2022 4:29,-0.3,0
10/1/2022 4:29,-0.2,0
10/1/2022 4:29,-0.1,0
10/1/2022 4:29,-0.3,0
10/1/2022 4:30,-0.1,0
10/1/2022 4:30,-0.1,0
10/1/2022 4:30,0,0
10/1/2022 4:30,-0.3,0
10/1/2022 4:30,-0.1,0
10/1/2022 4:30,-0.2,0
10/1/2022 4:31,-0.3,0
10/1/2022 4:31,-0.2,0
10/1/2022 4:31,-0.2,0
10/1/2022 4:31,-0.3,0
10/1/2022 4:31,-0.3,0
10/1/2022 4:31,-0.2,0
10/1/2022 4:32,-0.2,0
10/1/2022 4:32,-0.1,0
10/1/2022 4:32,-0.2,0
10/1/2022 4:32,-0.3,0
10/1/2022 4:32,-0.1,0
10/1/2022 4:32,0,0
10/1/2022 4:33,-0.3,0
10/1/2022 4:33,-0.1,0
10/1/2022 4:33,-0.2,0
10/1/2022 4:33,-0.4,0
10/1/2022 4:33,-0.4,0
10/1/2022 4:33,0.1,0
10/1/2022 4:34,0,0
10/1/2022 4:34,-0.2,0
10/1/2022 4:34,-0.3,0
10/1/2022 4:34,-0.2,0
10/1/2022 4:34,-0.2,0
10/1/2022 4:34,-0.2,0
10/1/2022 4:35,-0.1,0
10/1/2022 4:35,-0.2,0
10/1/2022 4:35,0,0
10/1/2022 4:35,-0.4,0
10/1/2022 4:35,-0.2,0
10/1/2022 4:35,0.1,0
10/1/2022 4:36,-0.1,0
10/1/2022 4:36,-0.1,0
10/1/2022 4:36,-0.1,0
10/1/2022 4:36,-0.1,0
10/1/2022 4:36,-0.3,0
10/1/2022 4:36,-0.1,0
10/1/2022 4:37,-0.1,0
10/1/2022 4:37,-0.2,0
10/1/2022 4:37,-0.3,0
10/1/2022 4:37,-0.1,0
10/1/2022 4:37,0,0
10/1/2022 4:37,-0.2,0
10/1/2022 4:38,-0.1,0
10/1/2022 4:38,-0.1,0
10/1/2022 4:38,-0.3,0
10/1/2022 4:38,-0.2,0
10/1/2022 4:38,-0.2,0
10/1/2022 4:38,-0.2,0
10/1/2022 4:39,-0.1,0
10/1/2022 4:39,-0.1,0
10/1/2022 4:39,-0.2,0
10/1/2022 4:39,-0.3,0
10/1/2022 4:39,-0.3,0
10/1/2022 4:39,-0.3,0
10/1/2022 4:40,0,0
10/1/2022 4:40,0,0
10/1/2022 4:40,-0.1,0
10/1/2022 4:40,-0.2,0
10/1/2022 4:40,-0.1,0
10/1/2022 4:40,-0.1,0
10/1/2022 4:41,-0.2,0
10/1/2022 4:41,-0.3,0
10/1/2022 4:41,-0.1,0
10/1/2022 4:41,0,0
10/1/2022 4:41,0,0
10/1/2022 4:41,0,0
10/1/2022 4:42,-0.2,0
10/1/2022 4:42,0,0
10/1/2022 4:42,-0.2,0
10/1/2022 4:42,-0.2,0
10/1/2022 4:42,0,0
10/1/2022 4:42,-0.1,0
10/1/2022 4:43,-0.1,0
10/1/2022 4:43,0,0
10/1/2022 4:43,-0.2,0
10/1/2022 4:43,-0.1,0
10/1/2022 4:43,-0.2,0
10/1/2022 4:43,-0.1,0
10/1/2022 4:44,-0.2,0
10/1/2022 4:44,-0.1,0
10/1/2022 4:44,-0.2,0
10/1/2022 4:44,-0.2,0
10/1/2022 4:44,-0.2,0
10/1/2022 4:44,-0.2,0
10/1/2022 4:45,-0.1,0
10/1/2022 4:45,-0.3,0
10/1/2022 4:45,0,0
10/1/2022 4:45,-0.3,0
10/1/2022 4:45,-0.1,0
10/1/2022 4:45,-0.1,0
10/1/2022 4:46,-0.2,0
10/1/2022 4:46,-0.2,0
10/1/2022 4:46,-0.1,0
10/1/2022 4:46,-0.2,0
10/1/2022 4:46,0,0
10/1/2022 4:46,-0.2,0
10/1/2022 4:47,-0.3,0
10/1/2022 4:47,0,0
10/1/2022 4:47,-0.4,0
10/1/2022 4:47,0,0
10/1/2022 4:47,-0.3,0
10/1/2022 4:47,-0.1,0
10/1/2022 4:48,-0.2,0
10/1/2022 4:48,-0.1,0
10/1/2022 4:48,-0.2,0
10/1/2022 4:48,-0.1,0
10/1/2022 4:48,-0.1,0
10/1/2022 4:48,-0.1,0
10/1/2022 4:49,-0.2,0
10/1/2022 4:49,-0.2,0
10/1/2022 4:49,0,0
10/1/2022 4:49,-0.1,0
10/1/2022 4:49,-0.4,0
10/1/2022 4:49,-0.3,0
10/1/2022 4:50,-0.1,0
10/1/2022 4:50,0,0
10/1/2022 4:50,0,0
10/1/2022 4:50,0,0
10/1/2022 4:50,-0.1,0
10/1/2022 4:50,-0.2,0
10/1/2022 4:51,-0.2,0
10/1/2022 4:51,-0.1,0
10/1/2022 4:51,-0.3,0
10/1/2022 4:51,-0.2,0
10/1/2022 4:51,-0.2,0
10/1/2022 4:51,-0.3,0
10/1/2022 4:52,-0.2,0
10/1/2022 4:52,-0.1,0
10/1/2022 4:52,-0.1,0
10/1/2022 4:52,-0.2,0
10/1/2022 4:52,-0.2,0
10/1/2022 4:52,-0.3,0
10/1/2022 4:53,-0.2,0
10/1/2022 4:53,-0.2,0
10/1/2022 4:53,-0.3,0
10/1/2022 4:53,-0.2,0
10/1/2022 4:53,-0.3,0
10/1/2022 4:53,-0.2,0
10/1/2022 4:54,-0.3,0
10/1/2022 4:54,-0.2,0
10/1/2022 4:54,-0.2,0
10/1/2022 4:54,0,0
10/1/2022 4:54,-0.1,0
10/1/2022 4:54,-0.1,0
10/1/2022 4:55,-0.1,0
10/1/2022 4:55,-0.3,0
10/1/2022 4:55,0,0
10/1/2022 4:55,-0.3,0
10/1/2022 4:55,-0.2,0
10/1/2022 4:55,-0.2,0
10/1/2022 4:56,-0.2,0
10/1/2022 4:56,-0.1,0
10/1/2022 4:56,-0.1,0
10/1/2022 4:56,0,0
10/1/2022 4:56,0,0
10/1/2022 4:56,-0.2,0
10/1/2022 4:57,0,0
10/1/2022 4:57,-0.1,0
10/1/2022 4:57,-0.3,0
10/1/2022 4:57,-0.3,0
10/1/2022 4:57,0,0
10/1/2022 4:57,-0.2,0
10/1/2022 4:58,0,0
10/1/2022 4:58,-0.3,0
10/1/2022 4:58,-0.1,0
10/1/2022 4:58,-0.1,0
10/1/2022 4:58,-0.3,0
10/1/2022 4:58,0,0
10/1/2022 4:59,-0.2,0
10/1/2022 4:59,0,0
10/1/2022 4:59,-0.2,0
10/1/2022 4:59,-0.3,0
10/1/2022 4:59,0.1,0
10/1/2022 4:59,-0.1,0
10/1/2022 5:00,-0.2,0
10/1/2022 5:00,0,0
10/1/2022 5:00,-0.2,0
10/1/2022 5:00,-0.1,0
10/1/2022 5:00,-0.3,0
10/1/2022 5:00,-0.3,0
10/1/2022 5:01,-0.3,0
10/1/2022 5:01,-0.1,0
10/1/2022 5:01,-0.3,0
10/1/2022 5:01,-0.2,0
10/1/2022 5:01,-0.3,0
10/1/2022 5:01,-999999,-999999
10/1/2022 5:02,-999999,-999999
10/1/2022 5:02,-999999,-999999
10/1/2022 5:02,-999999,-999999
10/1/2022 5:02,-999999,-999999
10/1/2022 5:02,-0.1,0
10/1/2022 5:02,-0.1,0
10/1/2022 5:03,-0.3,0
10/1/2022 5:03,-0.1,0
10/1/2022 5:03,-0.3,0
10/1/2022 5:03,0,0
10/1/2022 5:03,-0.3,0
10/1/2022 5:03,-0.1,0
10/1/2022 5:04,-0.3,0
10/1/2022 5:04,-0.2,0
10/1/2022 5:04,-0.1,0
10/1/2022 5:04,-0.3,0
10/1/2022 5:04,-0.2,0
10/1/2022 5:04,-0.1,0
10/1/2022 5:05,-0.3,0
10/1/2022 5:05,-0.1,0
10/1/2022 5:05,-0.2,0
10/1/2022 5:05,-0.3,0
10/1/2022 5:05,0,0
10/1/2022 5:05,-0.2,0
10/1/2022 5:06,-0.1,0
10/1/2022 5:06,-0.1,0
10/1/2022 5:06,-0.1,0
10/1/2022 5:06,-0.3,0
10/1/2022 5:06,-0.2,0
10/1/2022 5:06,-0.4,0
10/1/2022 5:07,-0.1,0
10/1/2022 5:07,0,0
10/1/2022 5:07,-0.3,0
10/1/2022 5:07,-0.1,0
10/1/2022 5:07,-0.1,0
10/1/2022 5:07,0,0
10/1/2022 5:08,0,0
10/1/2022 5:08,-0.3,0
10/1/2022 5:08,-0.3,0
10/1/2022 5:08,0,0
10/1/2022 5:08,-0.2,0
10/1/2022 5:08,-0.1,0
10/1/2022 5:09,-0.1,0
10/1/2022 5:09,-0.1,0
10/1/2022 5:09,0,0
10/1/2022 5:09,-0.3,0
10/1/2022 5:09,-0.1,0
10/1/2022 5:09,-0.3,0
10/1/2022 5:10,-0.3,0
10/1/2022 5:10,-0.1,0
10/1/2022 5:10,-0.1,0
10/1/2022 5:10,-0.3,0
10/1/2022 5:10,-0.1,0
10/1/2022 5:10,-0.2,0
10/1/2022 5:11,-0.3,0
10/1/2022 5:11,-0.2,0
10/1/2022 5:11,-0.1,0
10/1/2022 5:11,-0.1,0
10/1/2022 5:11,0,0
10/1/2022 5:11,-0.2,0
10/1/2022 5:12,-0.2,0
10/1/2022 5:12,-0.4,0
10/1/2022 5:12,-0.3,0
10/1/2022 5:12,-0.1,0
10/1/2022 5:12,-0.3,0
10/1/2022 5:12,-0.1,0
10/1/2022 5:13,-0.3,0
10/1/2022 5:13,-0.1,0
10/1/2022 5:13,-0.2,0
10/1/2022 5:13,-0.3,0
10/1/2022 5:13,-0.2,0
10/1/2022 5:13,0,0
10/1/2022 5:14,-0.1,0
10/1/2022 5:14,0,0
10/1/2022 5:14,-0.2,0
10/1/2022 5:14,-0.3,0
10/1/2022 5:14,-0.1,0
10/1/2022 5:14,-0.2,0
10/1/2022 5:15,-0.3,0
10/1/2022 5:15,-0.1,0
10/1/2022 5:15,0,0
10/1/2022 5:15,0,0
10/1/2022 5:15,-0.1,0
10/1/2022 5:15,-0.2,0
10/1/2022 5:16,-0.1,0
10/1/2022 5:16,-0.2,0
10/1/2022 5:16,-0.1,0
10/1/2022 5:16,0,0
10/1/2022 5:16,-0.1,0
10/1/2022 5:16,-0.1,0
10/1/2022 5:17,0,0
10/1/2022 5:17,-0.4,0
10/1/2022 5:17,-0.4,0
10/1/2022 5:17,-0.3,0
10/1/2022 5:17,0.1,0
10/1/2022 5:17,0,0
10/1/2022 5:18,-0.1,0
10/1/2022 5:18,-0.2,0
10/1/2022 5:18,-0.1,0
10/1/2022 5:18,-0.3,0
10/1/2022 5:18,0,0
10/1/2022 5:18,-0.1,0
10/1/2022 5:19,-0.3,0
10/1/2022 5:19,0,0
10/1/2022 5:19,0,0
10/1/2022 5:19,0,0
10/1/2022 5:19,-0.2,0
10/1/2022 5:19,-0.2,0
10/1/2022 5:20,-0.1,0
10/1/2022 5:20,-0.2,0
10/1/2022 5:20,-0.4,0
10/1/2022 5:20,-0.3,0
10/1/2022 5:20,0,0
10/1/2022 5:20,-0.1,0
10/1/2022 5:21,-0.1,0
10/1/2022 5:21,-0.2,0
10/1/2022 5:21,-0.2,0
10/1/2022 5:21,-0.2,0
10/1/2022 5:21,0,0
10/1/2022 5:21,0,0
10/1/2022 5:22,-0.3,0
10/1/2022 5:22,0,0
10/1/2022 5:22,-0.1,0
10/1/2022 5:22,0,0
10/1/2022 5:22,-0.1,0
10/1/2022 5:22,0,0
10/1/2022 5:23,0,0
10/1/2022 5:23,-0.2,0
10/1/2022 5:23,-0.1,0
10/1/2022 5:23,-0.2,0
10/1/2022 5:23,-0.3,0
10/1/2022 5:23,0.1,0
10/1/2022 5:24,-0.1,0
10/1/2022 5:24,-0.2,0
10/1/2022 5:24,-0.1,0
10/1/2022 5:24,-0.2,0
10/1/2022 5:24,-0.3,0
10/1/2022 5:24,-0.3,0
10/1/2022 5:25,-0.3,0
10/1/2022 5:25,-0.3,0
10/1/2022 5:25,-0.3,0
10/1/2022 5:25,-0.1,0
10/1/2022 5:25,0,0
10/1/2022 5:25,-0.1,0
10/1/2022 5:26,-0.2,0
10/1/2022 5:26,-0.4,0
10/1/2022 5:26,-0.3,0
10/1/2022 5:26,0,0
10/1/2022 5:26,-0.1,0
10/1/2022 5:26,-0.1,0
10/1/2022 5:27,-0.4,0
10/1/2022 5:27,-0.2,0
10/1/2022 5:27,-0.4,0
10/1/2022 5:27,-0.2,0
10/1/2022 5:27,-0.1,0
10/1/2022 5:27,-0.3,0
10/1/2022 5:28,-0.1,0
10/1/2022 5:28,-0.2,0
10/1/2022 5:28,-0.2,0
10/1/2022 5:28,-0.2,0
10/1/2022 5:28,-0.1,0
10/1/2022 5:28,-0.2,0
10/1/2022 5:29,-0.3,0
10/1/2022 5:29,-0.3,0
10/1/2022 5:29,-0.1,0
10/1/2022 5:29,-0.4,0
10/1/2022 5:29,-0.2,0
10/1/2022 5:29,-0.1,0
10/1/2022 5:30,-0.3,0
10/1/2022 5:30,-0.3,0
10/1/2022 5:30,-0.1,0
10/1/2022 5:30,0,0
10/1/2022 5:30,-0.1,0
10/1/2022 5:30,-0.3,0
10/1/2022 5:31,-0.2,0
10/1/2022 5:31,-0.2,0
10/1/2022 5:31,-0.1,0
10/1/2022 5:31,-0.1,0
10/1/2022 5:31,-0.3,0
10/1/2022 5:31,-0.1,0
10/1/2022 5:32,-0.1,0
10/1/2022 5:32,-0.2,0
10/1/2022 5:32,-0.2,0
10/1/2022 5:32,-0.2,0
10/1/2022 5:32,-0.3,0
10/1/2022 5:32,-0.1,0
10/1/2022 5:33,-0.3,0
10/1/2022 5:33,0,0
10/1/2022 5:33,-0.3,0
10/1/2022 5:33,0,0
10/1/2022 5:33,0,0
10/1/2022 5:33,-0.2,0
10/1/2022 5:34,-0.1,0
10/1/2022 5:34,-0.1,0
10/1/2022 5:34,-0.1,0
10/1/2022 5:34,-0.1,0
10/1/2022 5:34,-0.1,0
10/1/2022 5:34,-0.1,0
10/1/2022 5:35,-0.1,0
